aircraft,mod,flap,isa_dev,cruise_alt,mach,payload,total_dist_nm
CJ1,Flatwing,0,0,41000,0.66,0,1471.4032736148256
CJ1,Flatwing,0,10,41000,0.66,0,1476.4234136982
CJ1,Tamarack,0,0,41000,0.66,0,1672.763655547859
CJ1,Tamarack,0,10,41000,0.66,0,1678.9570674575336
